date_given,patient_id,med_id,med_name,quantity_given,is_national_holiday,records_per_day
2024-07-15,40,9,Paracetamol,47,0,29
2024-10-25,60,54,Hepatitis B,2,0,33
2024-02-22,76,54,Hepatitis B,5,0,31
2025-03-14,49,54,Hepatitis B,2,0,21
2025-01-07,29,40,Multivitamins,35,0,34
2024-06-03,76,37,Cetirizine 10mg,10,0,30
2024-08-20,40,9,Paracetamol,36,0,23
2025-04-20,40,40,Multivitamins,17,0,30
2024-09-02,51,54,Hepatitis B,3,0,30
2025-02-14,33,40,Multivitamins,17,0,29
2024-11-20,76,40,Multivitamins,16,0,20
2024-06-25,32,9,Paracetamol,39,0,28
2024-05-18,65,54,Hepatitis B,1,0,33
2025-07-28,45,37,Cetirizine 10mg,13,0,31
2024-07-16,40,40,Multivitamins,43,0,25
2024-02-23,76,54,Hepatitis B,3,0,26
2024-07-14,56,9,Paracetamol,39,0,34
2024-11-26,76,37,Cetirizine 10mg,15,0,20
2025-03-16,76,9,Paracetamol,43,0,25
2024-03-12,50,40,Multivitamins,35,0,23
2025-07-18,76,36,Amoxicillin 250mg,17,0,31
2024-04-14,40,9,Paracetamol,30,0,25
2024-02-17,76,40,Multivitamins,45,0,33
2024-07-29,57,40,Multivitamins,42,0,20
2024-08-01,76,54,Hepatitis B,3,0,28
2024-10-18,76,54,Hepatitis B,5,0,29
2024-01-07,76,9,Paracetamol,29,0,28
2024-05-24,76,36,Amoxicillin 250mg,8,0,21
2025-05-06,35,40,Multivitamins,26,0,30
2024-08-14,64,36,Amoxicillin 250mg,12,0,28
2024-10-17,63,9,Paracetamol,27,1,34
2025-01-20,40,36,Amoxicillin 250mg,12,0,34
2024-05-19,76,54,Hepatitis B,3,0,26
2024-08-01,54,37,Cetirizine 10mg,20,0,24
2025-09-08,54,54,Hepatitis B,3,0,35
2024-08-11,76,9,Paracetamol,18,0,23
2024-08-25,76,36,Amoxicillin 250mg,24,0,32
2024-11-14,76,54,Hepatitis B,2,0,25
2024-02-27,58,40,Multivitamins,15,0,20
2024-10-14,40,37,Cetirizine 10mg,16,1,30
2025-09-24,76,37,Cetirizine 10mg,11,0,27
2025-08-11,76,54,Hepatitis B,4,0,25
2024-01-09,56,40,Multivitamins,30,0,30
2024-11-20,76,36,Amoxicillin 250mg,12,0,25
2024-04-20,76,36,Amoxicillin 250mg,10,0,23
2025-07-28,40,9,Paracetamol,47,0,32
2024-01-22,76,37,Cetirizine 10mg,15,0,20
2024-12-19,65,54,Hepatitis B,2,0,22
2024-06-25,76,9,Paracetamol,43,0,30
2024-02-14,76,9,Paracetamol,46,0,30
2024-10-14,76,9,Paracetamol,45,1,34
2024-02-25,76,37,Cetirizine 10mg,15,0,27
2025-08-27,76,37,Cetirizine 10mg,14,0,22
2024-03-22,65,40,Multivitamins,26,0,23
2024-08-25,76,37,Cetirizine 10mg,22,0,31
2025-05-15,40,9,Paracetamol,12,0,27
2024-12-07,76,54,Hepatitis B,3,0,21
2024-12-01,76,36,Amoxicillin 250mg,20,0,21
2024-07-11,76,54,Hepatitis B,6,0,23
2024-04-25,76,54,Hepatitis B,4,0,20
2025-06-18,76,36,Amoxicillin 250mg,10,0,26
2024-04-18,52,40,Multivitamins,24,0,22
2025-06-12,76,9,Paracetamol,29,0,30
2024-07-29,76,9,Paracetamol,45,0,32
2024-05-14,76,37,Cetirizine 10mg,24,0,21
2024-07-25,76,9,Paracetamol,49,0,32
2025-05-19,76,40,Multivitamins,43,0,30
2024-05-24,76,9,Paracetamol,35,0,28
2024-06-08,76,9,Paracetamol,42,0,26
2024-06-03,76,9,Paracetamol,47,0,21
2025-02-09,56,40,Multivitamins,45,0,25
2024-07-24,76,37,Cetirizine 10mg,13,0,20
2024-08-01,56,40,Multivitamins,27,0,27
2024-03-26,76,9,Paracetamol,40,0,34
2025-01-20,40,40,Multivitamins,41,0,34
2024-04-20,76,40,Multivitamins,35,0,23
2025-06-12,76,40,Multivitamins,17,0,26
2024-10-25,76,9,Paracetamol,47,0,32
2024-04-14,76,37,Cetirizine 10mg,23,0,23
2024-05-22,76,9,Paracetamol,41,0,30
2024-05-09,76,54,Hepatitis B,3,0,28
2024-11-20,76,9,Paracetamol,47,0,25
2024-07-20,76,36,Amoxicillin 250mg,17,0,20
2024-03-16,76,40,Multivitamins,27,0,25
2024-08-11,76,36,Amoxicillin 250mg,12,0,28
2024-03-12,76,36,Amoxicillin 250mg,8,0,22
2025-08-11,40,9,Paracetamol,46,0,27
2024-08-04,76,36,Amoxicillin 250mg,13,0,29
2024-06-25,76,37,Cetirizine 10mg,15,0,26
2024-07-27,76,40,Multivitamins,28,0,21
2024-09-02,76,40,Multivitamins,35,0,26
2024-04-18,76,36,Amoxicillin 250mg,14,0,27
2024-12-07,40,40,Multivitamins,41,0,31
2024-03-05,76,36,Amoxicillin 250mg,9,0,22
2024-10-18,76,40,Multivitamins,42,0,32
2025-08-08,54,9,Paracetamol,32,0,20
2024-04-03,76,37,Cetirizine 10mg,22,0,30
2024-06-03,76,36,Amoxicillin 250mg,14,0,28
2024-05-04,76,40,Multivitamins,35,0,23
2025-07-16,76,37,Cetirizine 10mg,10,0,30
2024-05-24,76,37,Cetirizine 10mg,18,0,34
2025-04-20,76,36,Amoxicillin 250mg,18,0,32
2024-01-20,76,36,Amoxicillin 250mg,17,0,30
2025-02-14,76,9,Paracetamol,45,0,31
2024-06-05,76,37,Cetirizine 10mg,24,0,27
2025-08-08,76,37,Cetirizine 10mg,12,0,31
2024-09-02,76,9,Paracetamol,30,0,26
2024-04-25,76,9,Paracetamol,38,0,25
2024-07-11,76,40,Multivitamins,44,0,28
2024-08-25,76,9,Paracetamol,44,0,30
2024-02-27,76,37,Cetirizine 10mg,25,0,28
2024-09-24,76,9,Paracetamol,30,0,28
2024-05-14,76,36,Amoxicillin 250mg,23,0,26
2024-06-25,76,36,Amoxicillin 250mg,13,0,31
2025-08-11,54,36,Amoxicillin 250mg,21,0,31
2024-02-27,76,9,Paracetamol,43,0,29
2024-07-27,76,36,Amoxicillin 250mg,17,0,30
2024-10-18,76,36,Amoxicillin 250mg,18,0,30
2025-07-28,76,36,Amoxicillin 250mg,10,0,25
2024-04-18,76,40,Multivitamins,25,0,25
2025-08-01,54,40,Multivitamins,30,0,31
2024-05-09,76,36,Amoxicillin 250mg,19,0,32
2024-08-01,76,40,Multivitamins,44,0,29
2025-06-18,40,9,Paracetamol,45,0,31
2024-12-19,76,37,Cetirizine 10mg,23,0,31
2024-03-22,76,36,Amoxicillin 250mg,10,0,32
2024-01-22,76,36,Amoxicillin 250mg,18,0,34
2024-05-18,76,37,Cetirizine 10mg,15,0,27
2024-10-14,76,36,Amoxicillin 250mg,12,1,34
2024-02-14,76,40,Multivitamins,35,0,22
2024-01-07,40,40,Multivitamins,35,0,20
2024-05-19,76,40,Multivitamins,35,0,25
2024-07-24,40,40,Multivitamins,45,0,27
2024-08-04,76,9,Paracetamol,32,0,29
2024-08-27,76,9,Paracetamol,40,0,26
2024-09-24,76,36,Amoxicillin 250mg,18,0,25
2024-07-29,76,37,Cetirizine 10mg,24,0,31
2025-03-12,76,40,Multivitamins,35,0,29
2024-06-05,76,9,Paracetamol,47,0,24
2024-06-08,76,36,Amoxicillin 250mg,14,0,31
2024-07-16,76,36,Amoxicillin 250mg,12,0,28
2024-10-17,76,37,Cetirizine 10mg,23,1,33
2024-05-22,76,40,Multivitamins,35,0,34
2024-01-09,76,36,Amoxicillin 250mg,18,0,31
2024-09-02,76,36,Amoxicillin 250mg,10,0,25
2024-04-03,76,40,Multivitamins,35,0,34
2024-05-04,76,9,Paracetamol,47,0,28
2024-07-20,76,9,Paracetamol,35,0,28
2024-07-27,76,9,Paracetamol,46,0,31
2024-08-14,76,9,Paracetamol,42,0,27
2024-01-20,76,40,Multivitamins,35,0,34
2025-05-19,56,9,Paracetamol,47,0,29
2024-08-04,76,37,Cetirizine 10mg,20,0,28
2025-09-08,76,36,Amoxicillin 250mg,14,0,27
2024-11-14,76,37,Cetirizine 10mg,20,0,27
2024-03-05,76,40,Multivitamins,35,0,32
2024-05-09,76,40,Multivitamins,35,0,31
2024-08-20,76,40,Multivitamins,35,0,28
2025-01-22,76,37,Cetirizine 10mg,10,0,27
2024-04-14,76,40,Multivitamins,35,0,22
2024-06-18,76,9,Paracetamol,47,0,25
2024-09-02,76,37,Cetirizine 10mg,15,0,34
2024-10-18,76,37,Cetirizine 10mg,22,0,28
2024-12-07,76,36,Amoxicillin 250mg,10,0,27
2024-07-11,76,37,Cetirizine 10mg,23,0,31
2024-08-04,76,40,Multivitamins,45,0,28
2025-06-12,76,37,Cetirizine 10mg,10,0,29
2024-08-11,76,40,Multivitamins,43,0,29
2025-08-01,76,36,Amoxicillin 250mg,18,0,29
2024-05-04,76,36,Amoxicillin 250mg,15,0,29
2025-08-27,76,40,Multivitamins,26,0,23
2024-06-18,76,36,Amoxicillin 250mg,14,0,27
2024-09-02,76,54,Hepatitis B,3,0,27
2024-04-03,76,36,Amoxicillin 250mg,20,0,28
2024-07-20,76,40,Multivitamins,35,0,32
2024-08-25,76,40,Multivitamins,35,0,30
2024-10-17,76,40,Multivitamins,43,1,34
2025-02-14,76,36,Amoxicillin 250mg,10,0,27
2024-06-03,76,40,Multivitamins,35,0,31
2024-08-14,76,40,Multivitamins,35,0,27
2024-04-18,76,9,Paracetamol,45,0,34
2024-05-22,76,36,Amoxicillin 250mg,15,0,34
2024-08-27,76,40,Multivitamins,45,0,30
2024-09-24,76,40,Multivitamins,35,0,28
2024-06-08,76,40,Multivitamins,35,0,26
2024-07-16,76,9,Paracetamol,40,0,31
2024-01-20,76,9,Paracetamol,45,0,28
2024-07-27,76,37,Cetirizine 10mg,10,0,20
2025-09-08,76,40,Multivitamins,35,0,34
2024-11-20,76,36,Amoxicillin 250mg,18,0,22
2024-12-01,76,40,Multivitamins,45,0,31
2024-01-09,76,40,Multivitamins,45,0,34
2025-01-20,76,9,Paracetamol,45,0,34
2024-08-01,76,9,Paracetamol,45,0,29
2024-04-20,76,9,Paracetamol,30,0,28
2024-09-02,76,40,Multivitamins,45,0,30
2024-10-25,76,40,Multivitamins,45,0,32
2024-11-14,76,9,Paracetamol,47,0,25
2025-06-18,76,40,Multivitamins,45,0,26
2024-03-22,76,40,Multivitamins,45,0,28
2024-06-25,76,40,Multivitamins,35,0,31
2025-08-11,76,40,Multivitamins,45,0,27
2025-09-24,76,40,Multivitamins,35,0,26
2025-01-22,76,40,Multivitamins,35,0,27
2024-07-29,76,36,Amoxicillin 250mg,17,0,25
2024-08-25,76,36,Amoxicillin 250mg,18,0,34
2024-10-17,76,36,Amoxicillin 250mg,10,1,34
2024-12-19,76,36,Amoxicillin 250mg,17,0,31
2024-03-12,76,9,Paracetamol,45,0,32
2024-04-25,76,36,Amoxicillin 250mg,10,0,28
2024-05-14,76,40,Multivitamins,35,0,27
2024-06-05,76,36,Amoxicillin 250mg,14,0,26
2024-07-25,76,36,Amoxicillin 250mg,17,0,26
2024-08-11,76,9,Paracetamol,32,0,28
2024-09-24,76,37,Cetirizine 10mg,24,0,27
2025-01-20,76,37,Cetirizine 10mg,10,0,29
2024-05-09,76,9,Paracetamol,35,0,34
2024-06-12,76,36,Amoxicillin 250mg,12,0,28
2024-07-24,76,36,Amoxicillin 250mg,17,0,23
2024-08-01,76,37,Cetirizine 10mg,10,0,28
2024-08-20,76,37,Cetirizine 10mg,10,0,25
2024-10-14,76,40,Multivitamins,45,1,34
2025-02-09,76,36,Amoxicillin 250mg,10,0,31
2024-01-07,76,37,Cetirizine 10mg,15,0,25
2024-06-12,76,9,Paracetamol,47,0,25
2024-07-11,76,9,Paracetamol,35,0,28
2024-08-20,76,9,Paracetamol,42,0,31
2024-10-18,76,9,Paracetamol,47,0,28
2024-11-20,76,40,Multivitamins,45,0,32
2024-12-07,76,40,Multivitamins,35,0,26
2025-01-09,76,37,Cetirizine 10mg,10,0,25
2024-04-03,76,9,Paracetamol,35,0,32
2024-07-14,76,36,Amoxicillin 250mg,17,0,27
2024-08-27,76,37,Cetirizine 10mg,10,0,25
2024-09-08,76,36,Amoxicillin 250mg,14,0,30
2024-11-26,76,36,Amoxicillin 250mg,12,0,32
2024-06-12,76,37,Cetirizine 10mg,24,0,27
2024-07-29,76,40,Multivitamins,43,0,31
2024-08-08,76,36,Amoxicillin 250mg,12,0,26
2024-09-24,76,9,Paracetamol,47,0,28
2024-10-25,76,36,Amoxicillin 250mg,18,0,34
2024-11-20,76,9,Paracetamol,45,0,28
2024-12-07,76,9,Paracetamol,47,0,28
2025-01-22,76,36,Amoxicillin 250mg,10,0,25
2024-07-15,76,37,Cetirizine 10mg,15,0,20
2024-08-01,76,36,Amoxicillin 250mg,12,0,26
2024-09-08,76,9,Paracetamol,40,0,25
2024-10-14,76,9,Paracetamol,35,1,34
2024-11-26,76,40,Multivitamins,35,0,30
2024-12-19,76,40,Multivitamins,45,0,26
2025-02-09,76,40,Multivitamins,35,0,34
2024-01-09,76,9,Paracetamol,45,0,30
2024-08-08,76,40,Multivitamins,45,0,30
2024-09-08,76,40,Multivitamins,35,0,27
2024-10-14,76,37,Cetirizine 10mg,20,1,34
2024-11-14,76,40,Multivitamins,35,0,28
2024-12-01,76,9,Paracetamol,35,0,29
2025-01-07,76,36,Amoxicillin 250mg,10,0,31
2024-06-08,76,37,Cetirizine 10mg,23,0,28
2024-07-24,76,40,Multivitamins,35,0,32
2024-08-04,76,36,Amoxicillin 250mg,14,0,26
2024-09-02,76,40,Multivitamins,45,0,34
2024-10-18,76,36,Amoxicillin 250mg,14,0,26
2024-11-26,76,9,Paracetamol,45,0,34
2024-12-19,76,9,Paracetamol,35,0,31
2025-02-09,76,9,Paracetamol,45,0,34
2024-01-22,76,40,Multivitamins,45,0,31
2024-06-03,76,9,Paracetamol,35,0,25
2024-08-08,76,9,Paracetamol,40,0,27
2024-09-08,76,37,Cetirizine 10mg,15,0,34
2024-10-17,76,9,Paracetamol,47,1,34
2024-11-20,76,37,Cetirizine 10mg,10,0,27
2024-12-01,76,37,Cetirizine 10mg,24,0,32
2025-01-07,76,9,Paracetamol,47,0,25
2024-07-15,76,40,Multivitamins,45,0,32
2024-08-01,76,40,Multivitamins,35,0,27
2024-09-02,76,37,Cetirizine 10mg,23,0,27
2024-10-18,76,40,Multivitamins,35,0,26
2024-11-14,76,36,Amoxicillin 250mg,10,0,31
2024-12-19,76,54,Hepatitis B,3,0,31
2025-01-09,76,40,Multivitamins,35,0,31
2024-02-22,76,36,Amoxicillin 250mg,10,0,29
2024-03-26,76,36,Amoxicillin 250mg,10,0,26
2024-04-14,76,36,Amoxicillin 250mg,10,0,26
2024-05-18,76,36,Amoxicillin 250mg,12,0,28
2024-06-05,76,40,Multivitamins,45,0,27
2024-07-25,76,40,Multivitamins,35,0,32
2024-08-20,76,36,Amoxicillin 250mg,17,0,26
2024-09-08,76,40,Multivitamins,45,0,30
2024-10-14,76,36,Amoxicillin 250mg,14,1,34
2024-11-14,76,40,Multivitamins,35,0,25
2024-12-07,76,37,Cetirizine 10mg,10,0,31
2025-01-09,76,36,Amoxicillin 250mg,10,0,30
2024-06-18,76,40,Multivitamins,35,0,29
2024-07-14,76,40,Multivitamins,45,0,31
2024-08-25,76,37,Cetirizine 10mg,10,0,25
2024-09-08,76,9,Paracetamol,47,0,30
2024-10-17,76,36,Amoxicillin 250mg,10,1,34
2024-11-26,76,37,Cetirizine 10mg,15,0,34
2024-12-01,76,36,Amoxicillin 250mg,10,0,31
2025-01-07,76,40,Multivitamins,35,0,26
2024-07-15,76,36,Amoxicillin 250mg,10,0,26
2024-08-08,76,37,Cetirizine 10mg,15,0,31
2024-09-24,76,40,Multivitamins,45,0,30
2024-10-18,76,37,Cetirizine 10mg,20,0,28
2024-11-20,76,37,Cetirizine 10mg,10,0,31
2024-12-19,76,37,Cetirizine 10mg,15,0,26
2025-02-27,76,37,Cetirizine 10mg,10,0,28
2024-03-26,76,9,Paracetamol,45,0,28
2024-04-20,76,37,Cetirizine 10mg,10,0,34
2024-05-18,76,40,Multivitamins,45,0,30
2024-06-03,76,37,Cetirizine 10mg,15,0,25
2024-08-27,76,36,Amoxicillin 250mg,10,0,26
2024-10-25,76,37,Cetirizine 10mg,15,0,34
2024-12-07,76,40,Multivitamins,45,0,28
2025-01-22,76,9,Paracetamol,47,0,28
2024-07-27,76,40,Multivitamins,45,0,25
2024-09-08,76,36,Amoxicillin 250mg,17,0,25
2024-10-25,76,9,Paracetamol,47,0,34
2024-12-01,76,40,Multivitamins,45,0,28
2025-02-27,76,9,Paracetamol,45,0,31
2024-03-16,76,36,Amoxicillin 250mg,10,0,27
2024-05-09,76,37,Cetirizine 10mg,24,0,30
2024-06-25,76,9,Paracetamol,47,0,29
2024-07-20,76,37,Cetirizine 10mg,10,0,31
2024-08-25,76,40,Multivitamins,45,0,34
2024-09-08,76,40,Multivitamins,45,0,34
2024-10-17,76,54,Hepatitis B,3,1,34
2024-11-20,76,54,Hepatitis B,3,0,31
2024-12-07,76,36,Amoxicillin 250mg,17,0,31
2025-01-09,76,9,Paracetamol,35,0,28
2024-06-18,76,37,Cetirizine 10mg,24,0,30
2024-07-14,76,9,Paracetamol,47,0,28
2024-08-25,76,9,Paracetamol,47,0,28
2024-10-14,76,54,Hepatitis B,3,1,34
2024-11-14,76,9,Paracetamol,35,0,27
2024-12-01,76,37,Cetirizine 10mg,10,0,31
2025-01-07,76,37,Cetirizine 10mg,24,0,25
2024-07-20,76,37,Cetirizine 10mg,20,0,28
2024-08-08,76,40,Multivitamins,35,0,26
2024-09-08,76,9,Paracetamol,35,0,34
2024-10-18,76,37,Cetirizine 10mg,10,0,26
2024-11-20,76,36,Amoxicillin 250mg,10,0,26
2024-12-07,76,54,Hepatitis B,4,0,34
2025-01-22,76,54,Hepatitis B,3,0,28
2024-03-26,76,37,Cetirizine 10mg,10,0,28
2024-05-24,76,40,Multivitamins,45,0,31
2024-06-12,76,40,Multivitamins,45,0,32
2024-07-29,76,9,Paracetamol,35,0,28
2024-08-04,76,54,Hepatitis B,3,0,25
2024-09-02,76,9,Paracetamol,35,0,27
2024-10-14,76,40,Multivitamins,45,1,34
2024-11-26,76,36,Amoxicillin 250mg,17,0,26
2024-12-19,76,36,Amoxicillin 250mg,10,0,31
2025-02-27,76,36,Amoxicillin 250mg,14,0,27
2024-04-20,76,40,Multivitamins,35,0,28
2024-05-19,76,9,Paracetamol,47,0,34
2024-07-25,76,37,Cetirizine 10mg,15,0,25
2024-08-20,76,40,Multivitamins,45,0,30
2024-09-24,76,36,Amoxicillin 250mg,17,0,25
2024-11-14,76,37,Cetirizine 10mg,24,0,25
2024-12-01,76,54,Hepatitis B,3,0,29
2025-01-20,76,54,Hepatitis B,3,0,32
2024-06-05,76,54,Hepatitis B,3,0,29
2024-07-11,76,36,Amoxicillin 250mg,10,0,28
2024-08-01,76,54,Hepatitis B,3,0,27
2024-09-08,76,54,Hepatitis B,3,0,30
2024-10-17,76,40,Multivitamins,45,1,34
2024-11-26,76,54,Hepatitis B,2,0,27
2024-12-19,76,9,Paracetamol,35,0,28
2025-02-09,76,37,Cetirizine 10mg,10,0,34
2024-03-22,76,9,Paracetamol,35,0,31
2024-04-25,76,40,Multivitamins,45,0,27
2024-06-12,76,36,Amoxicillin 250mg,14,0,34
2024-07-29,76,37,Cetirizine 10mg,10,0,27
2024-09-02,76,36,Amoxicillin 250mg,12,0,30
2024-10-18,76,54,Hepatitis B,3,0,27
2024-11-14,76,40,Multivitamins,45,0,30
2024-12-19,76,40,Multivitamins,45,0,31
2025-01-09,76,37,Cetirizine 10mg,10,0,26
2024-02-22,76,37,Cetirizine 10mg,10,0,25
2024-04-18,76,37,Cetirizine 10mg,15,0,25
2024-05-14,76,9,Paracetamol,47,0,32
2024-06-25,76,37,Cetirizine 10mg,15,0,29
2024-08-01,76,37,Cetirizine 10mg,15,0,30
2024-09-08,76,37,Cetirizine 10mg,10,0,31
2024-10-25,76,54,Hepatitis B,3,0,32
2024-12-01,76,54,Hepatitis B,3,0,33
2025-01-20,76,40,Multivitamins,45,0,34
2024-07-15,76,9,Paracetamol,47,0,34
2024-08-04,76,40,Multivitamins,35,0,26
2024-09-24,76,36,Amoxicillin 250mg,10,0,32
2024-11-20,76,37,Cetirizine 10mg,24,0,25
2024-12-19,76,37,Cetirizine 10mg,15,0,34
2025-02-27,76,40,Multivitamins,45,0,28
2024-03-12,76,37,Cetirizine 10mg,10,0,25
2024-05-04,76,37,Cetirizine 10mg,10,0,25
2024-06-03,76,36,Amoxicillin 250mg,10,0,27
2024-07-29,76,36,Amoxicillin 250mg,14,0,28
2024-08-20,76,40,Multivitamins,45,0,25
2024-10-18,76,36,Amoxicillin 250mg,10,0,28
2024-11-14,76,36,Amoxicillin 250mg,12,0,28
2025-01-07,76,37,Cetirizine 10mg,15,0,34
2024-06-08,76,40,Multivitamins,35,0,29
2024-07-27,76,36,Amoxicillin 250mg,10,0,25
2024-08-14,76,37,Cetirizine 10mg,24,0,31
2024-09-02,76,54,Hepatitis B,3,0,29
2024-10-25,76,37,Cetirizine 10mg,20,0,28
2024-12-07,76,37,Cetirizine 10mg,15,0,28
2025-01-22,76,37,Cetirizine 10mg,10,0,34
2024-07-11,76,40,Multivitamins,35,0,32
2024-08-08,76,36,Amoxicillin 250mg,10,0,30
2024-09-24,76,37,Cetirizine 10mg,20,0,32
2024-11-20,76,36,Amoxicillin 250mg,17,0,31
2024-12-19,76,36,Amoxicillin 250mg,10,0,29
2025-02-09,76,36,Amoxicillin 250mg,12,0,26
2024-03-22,76,37,Cetirizine 10mg,10,0,32
2024-05-24,76,36,Amoxicillin 250mg,12,0,28
2024-07-16,76,37,Cetirizine 10mg,15,0,25
2024-08-27,76,40,Multivitamins,45,0,31
2024-10-17,76,54,Hepatitis B,2,1,34
2024-12-01,76,9,Paracetamol,35,0,34
2025-01-20,76,36,Amoxicillin 250mg,10,0,27
2024-07-29,76,36,Amoxicillin 250mg,10,0,31
2024-08-14,76,36,Amoxicillin 250mg,17,0,25
2024-09-08,76,36,Amoxicillin 250mg,10,0,31
2024-10-18,76,40,Multivitamins,35,0,34
2024-11-26,76,40,Multivitamins,35,0,34
2024-12-19,76,54,Hepatitis B,3,0,34
2025-01-09,76,54,Hepatitis B,3,0,34
2024-03-16,76,9,Paracetamol,40,0,34
2024-04-20,76,36,Amoxicillin 250mg,14,0,31
2024-05-19,76,37,Cetirizine 10mg,15,0,31
2024-06-18,76,54,Hepatitis B,3,0,34
2024-07-14,76,37,Cetirizine 10mg,10,0,28
2024-08-04,76,9,Paracetamol,35,0,34
2024-09-02,76,40,Multivitamins,45,0,28
2024-10-17,76,37,Cetirizine 10mg,24,1,34
2024-11-20,76,40,Multivitamins,45,0,28
2024-12-07,76,40,Multivitamins,45,0,34
2025-01-22,76,40,Multivitamins,45,0,31
2024-07-25,76,9,Paracetamol,35,0,32
2024-08-20,76,37,Cetirizine 10mg,10,0,34
2024-10-14,76,36,Amoxicillin 250mg,12,1,34
2024-11-26,76,9,Paracetamol,47,0,27
2024-12-19,76,40,Multivitamins,35,0,25
2025-02-27,76,37,Cetirizine 10mg,24,0,26
2024-03-05,76,9,Paracetamol,45,0,25
2024-04-25,76,9,Paracetamol,47,0,30
2024-06-18,76,9,Paracetamol,35,0,32
2024-07-11,76,37,Cetirizine 10mg,10,0,26
2024-08-01,76,9,Paracetamol,47,0,31
2024-09-08,76,40,Multivitamins,45,0,28
2024-10-25,76,36,Amoxicillin 250mg,17,0,32
2024-12-01,76,37,Cetirizine 10mg,10,0,29
2025-01-09,76,36,Amoxicillin 250mg,12,0,29
2024-04-18,76,36,Amoxicillin 250mg,10,0,29
2024-05-24,76,37,Cetirizine 10mg,15,0,28
2024-07-24,76,9,Paracetamol,35,0,34
2024-08-27,76,37,Cetirizine 10mg,15,0,28
2024-10-14,76,37,Cetirizine 10mg,10,1,34
2024-11-20,76,54,Hepatitis B,3,0,28
2025-01-07,76,36,Amoxicillin 250mg,10,0,34
2024-06-03,76,36,Amoxicillin 250mg,10,0,26
2024-07-16,76,54,Hepatitis B,3,0,28
2024-08-14,76,54,Hepatitis B,4,0,31
2024-09-24,76,54,Hepatitis B,3,0,26
2024-11-14,76,54,Hepatitis B,3,0,29
2024-12-07,76,9,Paracetamol,47,0,28
2025-01-20,76,37,Cetirizine 10mg,24,0,31
2024-03-05,76,37,Cetirizine 10mg,20,0,31
2024-04-20,76,54,Hepatitis B,3,0,29
2024-05-14,76,54,Hepatitis B,3,0,28
2024-06-08,76,9,Paracetamol,47,0,30
2024-07-27,76,54,Hepatitis B,3,0,25
2024-08-08,76,54,Hepatitis B,3,0,34
2024-09-02,76,36,Amoxicillin 250mg,10,0,30
2024-10-18,76,37,Cetirizine 10mg,15,0,28
2024-11-26,76,36,Amoxicillin 250mg,14,0,25
2024-12-19,76,37,Cetirizine 10mg,24,0,25
2025-02-09,76,54,Hepatitis B,3,0,31
2024-03-16,76,37,Cetirizine 10mg,15,0,25
2024-05-09,76,36,Amoxicillin 250mg,14,0,30
2024-06-25,76,54,Hepatitis B,3,0,25
2024-07-20,76,54,Hepatitis B,3,0,29
2024-08-27,76,54,Hepatitis B,3,0,29
2024-10-17,76,9,Paracetamol,47,1,34
2024-11-20,76,37,Cetirizine 10mg,10,0,28
2024-12-01,76,36,Amoxicillin 250mg,14,0,34
2025-01-09,76,37,Cetirizine 10mg,10,0,25
2024-07-15,76,54,Hepatitis B,3,0,31
2024-08-04,76,37,Cetirizine 10mg,15,0,25
2024-09-02,76,40,Multivitamins,45,0,31
2024-10-14,76,54,Hepatitis B,3,1,34
2024-11-14,76,37,Cetirizine 10mg,15,0,25
2024-12-07,76,36,Amoxicillin 250mg,10,0,27
2025-01-22,76,36,Amoxicillin 250mg,14,0,32
2024-02-27,76,54,Hepatitis B,3,0,26
2024-04-18,76,54,Hepatitis B,3,0,32
2024-05-22,76,37,Cetirizine 10mg,15,0,30
2024-06-03,76,40,Multivitamins,45,0,29
2024-07-29,76,54,Hepatitis B,3,0,31
2024-08-20,76,54,Hepatitis B,3,0,34
2024-10-18,76,9,Paracetamol,47,0,32
2024-11-20,76,36,Amoxicillin 250mg,10,0,34
2024-12-01,76,40,Multivitamins,45,0,34
2025-01-09,76,40,Multivitamins,35,0,26
2024-07-24,76,54,Hepatitis B,3,0,28
2024-09-08,76,40,Multivitamins,45,0,32
2024-10-25,76,40,Multivitamins,45,0,26
2024-11-26,76,54,Hepatitis B,3,0,25
2024-12-19,76,36,Amoxicillin 250mg,17,0,32
2025-02-09,76,37,Cetirizine 10mg,15,0,28
2024-11-20,88,10,Vitamin A,5,0,15
2024-12-05,88,11,Povidone-Iodine,2,0,12
2025-01-10,88,12,Pentavalent Vaccine,1,0,18
2024-10-15,88,26,Amoxicillin Capsule,10,0,14
2024-12-28,88,27,Amoxicillin Syrup,8,0,11
2025-02-01,88,28,Cotrimoxazole Tablet,15,0,16
2025-03-05,88,29,Ciprofloxacin,12,0,17
2024-12-18,88,30,Paracetamol Drop,7,0,10
2024-11-25,88,31,Ascorbic Acid Vitamin C Tablet,10,0,13
2025-01-22,88,32,Ascorbic Acid Vitamin C Drop,5,0,19
2024-10-01,88,33,Vitamins B Complex,15,0,20
2024-11-05,88,34,Ferrous Sulfate(Iron Supplement),20,0,14
2024-12-12,88,35,Paracetamol 500mg,15,0,12
2025-02-15,88,38,Mefenamic Acid 500mg,10,0,15
2025-03-20,88,39,ORS (Oral Rehydration Salts),5,0,18
2024-10-29,88,41,Salbutamol Syrup,3,0,11
2024-12-01,88,42,Betadine,1,0,10
2025-01-15,88,45,Ethyl Alcohol 70%,5,0,17
2025-02-28,88,46,BCG,1,0,16
2025-03-10,88,51,Measles,1,0,19
2024-11-10,88,52,Polio,2,0,13
2025-01-05,88,53,Flu,1,0,15
2025-05-10,95,40,Multivitamins,30,0,25
2025-06-25,95,9,Paracetamol,40,0,30
2025-07-03,96,36,Amoxicillin 250mg,10,0,28
2025-08-05,96,37,Cetirizine 10mg,15,0,32
2025-09-12,97,54,Hepatitis B,3,0,27
2025-10-01,97,35,Paracetamol 500mg,20,0,22
2025-11-15,98,28,Cotrimoxazole Tablet,10,0,18
2025-12-01,98,39,ORS (Oral Rehydration Salts),5,0,14
2024-12-20,99,40,Multivitamins,35,0,26
2025-01-28,99,9,Paracetamol,45,0,31
2025-03-01,90,37,Cetirizine 10mg,20,0,33
2025-04-10,90,36,Amoxicillin 250mg,12,0,29
2025-05-20,91,41,Salbutamol Syrup,2,0,15
2025-06-05,91,10,Vitamin A,10,0,20
2025-07-20,92,33,Vitamins B Complex,15,0,24
2025-08-28,92,26,Amoxicillin Capsule,14,0,30
2025-09-15,93,11,Povidone-Iodine,1,0,12
2025-10-25,93,30,Paracetamol Drop,8,0,11
2025-11-05,94,52,Polio,2,0,17
2025-12-10,94,46,BCG,1,0,16
2026-01-20,76,9,Paracetamol,40,0,21
2026-02-10,88,9,Paracetamol,26,1,33
2026-04-14,101,37,Cetirizine 10mg,17,0,31
2026-03-04,90,54,Hepatitis B,5,0,29
2026-01-09,76,37,Cetirizine 10mg,17,0,27
2026-04-06,102,54,Hepatitis B,3,0,28
2026-03-17,76,11,Povidone-Iodine,9,0,26
2025-11-15,90,36,Amoxicillin 250mg,6,0,31
2026-05-03,88,9,Paracetamol,44,0,34
2026-01-23,91,12,Pentavalent Vaccine,5,0,35
2026-01-25,101,11,Povidone-Iodine,3,0,33
2026-05-12,101,36,Amoxicillin 250mg,7,0,32
2025-11-13,101,28,Cotrimoxazole Tablet,28,0,26
2026-02-11,88,37,Cetirizine 10mg,29,0,20
2026-02-26,101,39,ORS (Oral Rehydration Salts),15,1,28
2026-04-24,91,42,Betadine,13,0,31
2026-03-11,76,40,Multivitamins,29,0,26
2026-02-16,76,40,Multivitamins,40,0,31
2025-11-26,76,9,Paracetamol,29,1,28
2026-04-10,91,38,Mefenamic Acid 500mg,9,0,28
2025-12-01,102,36,Amoxicillin 250mg,20,1,24
2025-12-01,102,46,BCG,3,1,26
2026-01-09,91,10,Vitamin A,20,0,32
2026-03-02,91,27,Amoxicillin Syrup,1,0,23
2026-03-22,76,9,Paracetamol,36,1,33
2025-12-03,101,38,Mefenamic Acid 500mg,7,0,30
2025-12-13,90,9,Paracetamol,16,1,23
2026-05-30,76,35,Paracetamol 500mg,42,1,32
2026-05-30,76,37,Cetirizine 10mg,18,1,22
2025-12-09,88,40,Multivitamins,28,0,34
2026-03-27,102,54,Hepatitis B,1,0,25
2026-05-09,88,37,Cetirizine 10mg,35,1,20
2025-11-20,101,9,Paracetamol,38,0,22
2026-05-18,91,31,Ascorbic Acid Vitamin C Tablet,36,0,23
2026-02-23,76,36,Amoxicillin 250mg,12,0,24
2026-04-26,90,37,Cetirizine 10mg,11,1,22
2026-05-07,91,37,Cetirizine 10mg,30,0,25
2026-05-11,88,37,Cetirizine 10mg,28,0,32
2026-02-04,102,9,Paracetamol,38,0,20
2025-11-15,102,45,Ethyl Alcohol 70%,7,0,23
2025-11-13,76,9,Paracetamol,41,0,23
2026-05-22,76,9,Paracetamol,30,0,33
2025-11-13,101,40,Multivitamins,45,0,22
2026-04-12,101,36,Amoxicillin 250mg,20,0,32
2026-01-12,76,54,Hepatitis B,3,0,28
2026-02-04,90,40,Multivitamins,16,1,26
2026-02-21,91,35,Paracetamol 500mg,14,1,31
2026-05-22,91,54,Hepatitis B,2,0,33
2025-12-03,91,54,Hepatitis B,2,0,35
2026-05-30,91,51,Measles,5,0,32
2026-11-25,76,54,Hepatitis B,3,0,31
2026-10-03,101,40,Multivitamins,45,1,24
2026-11-15,88,45,Ethyl Alcohol 70%,13,0,24
2026-10-10,101,9,Paracetamol,37,1,22
2026-08-15,101,54,Hepatitis B,4,0,20
2026-10-06,90,29,Ciprofloxacin,39,0,34
2026-07-13,101,36,Amoxicillin 250mg,8,0,26
2026-12-29,76,40,Multivitamins,19,0,27
2026-09-04,88,40,Multivitamins,33,0,30
2026-10-11,76,40,Multivitamins,28,0,20
2026-08-30,102,54,Hepatitis B,5,0,30
2026-09-25,90,36,Amoxicillin 250mg,20,0,31
2026-08-16,101,36,Amoxicillin 250mg,16,1,23
2026-06-09,90,41,Salbutamol Syrup,3,0,22
2026-10-23,103,9,Paracetamol,44,0,33
2026-10-23,101,40,Multivitamins,44,0,20
2026-07-16,76,40,Multivitamins,37,0,24
2026-06-22,88,34,Ferrous Sulfate(Iron Supplement),9,0,27
2026-10-01,90,54,Hepatitis B,4,0,21
2026-11-20,76,54,Hepatitis B,5,1,32
2026-09-04,90,40,Multivitamins,21,1,34
2026-06-16,91,37,Cetirizine 10mg,34,0,22
2026-07-21,90,42,Betadine,14,0,22
2026-08-02,88,9,Paracetamol,23,1,33
2026-12-11,91,46,BCG,5,0,23
2026-06-16,91,9,Paracetamol,43,0,28
2026-10-25,76,36,Amoxicillin 250mg,19,0,21
2026-12-22,76,40,Multivitamins,35,0,32
2026-12-13,76,37,Cetirizine 10mg,26,0,28
2026-08-13,103,36,Amoxicillin 250mg,12,0,22
2026-07-06,90,36,Amoxicillin 250mg,14,0,30
2026-11-04,103,40,Multivitamins,35,0,24
2026-07-07,101,53,Flu,1,0,35
2026-09-05,103,54,Hepatitis B,4,0,28
2026-10-21,104,36,Amoxicillin 250mg,20,0,27
2026-07-09,90,40,Multivitamins,32,1,21
2026-07-05,103,37,Cetirizine 10mg,34,0,31
2026-09-17,76,36,Amoxicillin 250mg,15,0,26
2026-11-13,102,40,Multivitamins,28,0,35
2026-06-25,90,37,Cetirizine 10mg,34,0,35
2026-09-24,76,37,Cetirizine 10mg,24,0,34
2026-07-26,76,36,Amoxicillin 250mg,8,0,29
2026-12-10,103,26,Amoxicillin Capsule,19,0,33
2026-06-18,103,39,ORS (Oral Rehydration Salts),14,0,23
2026-10-23,76,54,Hepatitis B,3,0,25
2026-12-11,104,9,Paracetamol,32,1,28
2026-11-01,102,40,Multivitamins,42,0,20
2026-08-20,91,37,Cetirizine 10mg,13,0,22
2026-09-05,91,37,Cetirizine 10mg,31,0,30
2026-10-25,101,40,Multivitamins,43,0,32
2026-09-11,90,37,Cetirizine 10mg,17,0,34
2026-12-07,104,35,Paracetamol 500mg,37,0,32
2026-06-25,103,40,Multivitamins,38,0,28
2026-09-21,90,37,Cetirizine 10mg,19,0,24
2026-11-04,90,33,Vitamins B Complex,14,0,23
2026-12-13,91,9,Paracetamol,37,0,35
2026-09-03,104,36,Amoxicillin 250mg,11,1,23
2026-07-20,76,37,Cetirizine 10mg,34,1,29
2026-06-03,103,9,Paracetamol,40,0,29
2026-09-17,102,30,Paracetamol Drop,1,0,33
2026-10-21,102,36,Amoxicillin 250mg,15,0,24
2026-07-29,104,37,Cetirizine 10mg,32,0,22
2026-10-06,104,37,Cetirizine 10mg,15,1,24
2026-12-16,76,9,Paracetamol,26,0,25
2026-10-22,90,9,Paracetamol,18,0,30
2026-08-16,101,9,Paracetamol,43,0,27
2026-08-01,104,40,Multivitamins,35,0,29
2026-07-16,102,37,Cetirizine 10mg,10,0,22
2026-09-12,90,40,Multivitamins,24,0,30
2026-11-14,76,9,Paracetamol,40,0,31
2026-11-20,103,9,Paracetamol,29,0,34
2026-07-15,91,37,Cetirizine 10mg,24,0,33
2026-08-26,104,36,Amoxicillin 250mg,12,0,29
2026-11-26,104,37,Cetirizine 10mg,35,0,23
2026-06-01,90,36,Amoxicillin 250mg,13,0,27
2026-10-09,76,36,Amoxicillin 250mg,18,0,26
2026-12-11,101,36,Amoxicillin 250mg,14,0,25
2026-06-13,103,54,Hepatitis B,5,1,25
2026-07-26,101,35,Paracetamol 500mg,29,0,24
2026-09-14,103,9,Paracetamol,29,0,20
2026-07-06,102,40,Multivitamins,45,0,34
2026-10-02,103,37,Cetirizine 10mg,18,0,34
2026-12-10,90,31,Ascorbic Acid Vitamin C Tablet,24,0,25
2026-06-25,91,9,Paracetamol,45,0,23
2026-09-08,102,40,Multivitamins,40,0,20
2026-08-23,104,36,Amoxicillin 250mg,14,0,24
2026-07-17,76,9,Paracetamol,38,0,29
2026-11-24,104,40,Multivitamins,45,0,23
2026-10-15,102,40,Multivitamins,43,0,33
2026-09-17,104,37,Cetirizine 10mg,11,0,31
2026-06-17,103,37,Cetirizine 10mg,16,0,27
2026-08-01,103,36,Amoxicillin 250mg,17,0,34
2026-09-06,104,39,ORS (Oral Rehydration Salts),18,0,30
2026-10-10,103,36,Amoxicillin 250mg,13,0,25
2026-11-27,90,54,Hepatitis B,3,0,25
2026-08-07,102,36,Amoxicillin 250mg,16,0,27
2026-10-04,104,36,Amoxicillin 250mg,8,0,29
2026-12-11,102,9,Paracetamol,47,0,21
2026-07-09,103,40,Multivitamins,45,0,29
2026-08-25,101,37,Cetirizine 17,0,24
2026-09-07,104,37,Cetirizine 10mg,13,1,28
2026-11-06,102,9,Paracetamol,35,0,22
2026-11-29,103,54,Hepatitis B,2,0,29
2026-12-25,90,9,Paracetamol,45,1,28
2026-07-19,90,9,Paracetamol,32,0,24
2026-08-23,91,36,Amoxicillin 250mg,10,0,34
2026-10-09,104,36,Amoxicillin 250mg,17,0,33
2026-06-03,104,40,Multivitamins,45,0,31
2026-09-21,91,9,Paracetamol,33,0,27
2026-12-07,102,36,Amoxicillin 250mg,10,0,24
2026-09-17,90,9,Paracetamol,37,0,22
2026-12-03,103,40,Multivitamins,35,0,25
2026-11-19,101,36,Amoxicillin 250mg,10,0,35
2026-06-20,102,37,Cetirizine 10mg,24,0,32
2026-10-18,76,40,Multivitamins,42,0,28
2026-12-16,104,40,Multivitamins,45,0,26
2026-08-21,103,40,Multivitamins,45,0,34
2026-07-11,91,40,Multivitamins,45,0,27
2026-09-07,76,9,Paracetamol,44,0,32
2026-11-13,91,37,Cetirizine 10mg,17,0,25
2026-12-08,103,9,Paracetamol,43,0,30
2026-06-19,104,36,Amoxicillin 250mg,10,0,28
2026-08-01,103,37,Cetirizine 10mg,23,0,32
2026-10-18,104,36,Amoxicillin 250mg,12,0,27
2026-11-06,90,9,Paracetamol,26,0,24
2026-10-12,103,9,Paracetamol,43,0,33
2026-06-25,90,52,Polio,3,0,25
2026-08-09,102,37,Cetirizine 10mg,10,0,25
2026-11-08,101,36,Amoxicillin 250mg,11,0,35
2026-06-03,102,37,Cetirizine 10mg,11,0,34
2026-09-02,104,9,Paracetamol,32,0,25
2026-12-16,90,40,Multivitamins,35,0,26
2026-08-25,103,40,Multivitamins,40,0,29
2026-10-08,91,54,Hepatitis B,2,0,29
2026-12-14,91,9,Paracetamol,45,0,28
2026-07-28,103,36,Amoxicillin 250mg,10,0,32
2026-09-17,91,36,Amoxicillin 250mg,10,0,29
2026-11-22,102,40,Multivitamins,26,0,33
2026-06-08,102,9,Paracetamol,46,0,28
2026-09-22,91,37,Cetirizine 10mg,23,0,34
2026-11-29,103,37,Cetirizine 10mg,11,0,27
2026-06-25,103,9,Paracetamol,47,0,30
2026-09-29,104,9,Paracetamol,47,0,26
2026-12-13,102,37,Cetirizine 10mg,15,0,31
2026-11-20,90,36,Amoxicillin 250mg,14,0,35
2026-10-17,104,36,Amoxicillin 250mg,17,1,34
2026-07-21,103,40,Multivitamins,35,0,29
2026-09-09,101,36,Amoxicillin 250mg,11,0,23
2026-10-21,90,40,Multivitamins,43,0,30
2026-07-29,91,36,Amoxicillin 250mg,13,0,33
2026-09-05,101,37,Cetirizine 10mg,17,0,32
2026-12-07,90,36,Amoxicillin 250mg,15,0,26
2026-08-01,90,36,Amoxicillin 250mg,13,0,25
2026-10-12,91,40,Multivitamins,35,0,20
2026-12-25,101,40,Multivitamins,35,1,28
2026-06-28,90,36,Amoxicillin 250mg,12,0,22
2026-09-17,104,40,Multivitamins,45,0,28
2026-11-04,91,9,Paracetamol,46,0,23
2026-06-19,101,40,Multivitamins,45,0,34
2026-08-11,102,40,Multivitamins,35,0,24
2026-10-09,104,9,Paracetamol,47,0,25
2026-11-24,103,37,Cetirizine 10mg,30,0,26
2026-09-22,103,54,Hepatitis B,3,0,27
2026-12-22,102,36,Amoxicillin 250mg,14,0,30
2026-07-16,104,40,Multivitamins,35,0,34
2026-08-04,91,9,Paracetamol,47,0,34
2026-10-14,102,9,Paracetamol,44,0,28
2026-11-29,91,36,Amoxicillin 250mg,17,0,29
2026-12-29,91,37,Cetirizine 10mg,26,0,31
2024-06-22,10,32,Ascorbic Acid Vitamin C Drop,15,0,15
2024-05-29,20,53,Flu,2,0,18
2023-12-25,20,41,Salbutamol Syrup,10,1,13
2024-06-08,106,39,ORS (Oral Rehydration Salts),11,0,11
2023-06-25,15,51,Measles,3,0,16
2024-02-18,88,27,Amoxicillin Syrup,12,1,23
2023-05-18,88,29,Ciprofloxacin,11,1,23
2023-10-16,20,52,Polio,3,0,20
2024-05-22,15,31,Ascorbic Acid Vitamin C Tablet,6,0,18
2024-04-30,105,34,Ferrous Sulfate(Iron Supplement),8,0,16
2023-11-22,5,26,Amoxicillin Capsule,25,0,16
2024-05-21,88,45,Ethyl Alcohol 70%,15,0,19
2023-08-30,20,34,Ferrous Sulfate(Iron Supplement),7,0,22
2023-06-30,20,41,Salbutamol Syrup,6,0,14
2023-12-08,105,33,Vitamins B Complex,27,0,10
2024-06-07,106,41,Salbutamol Syrup,11,0,20
2024-04-10,10,39,ORS (Oral Rehydration Salts),8,0,11
2023-12-07,88,39,ORS (Oral Rehydration Salts),10,0,16
2024-03-09,10,32,Ascorbic Acid Vitamin C Drop,5,1,13
2024-06-06,105,12,Pentavalent Vaccine,2,0,23
2023-06-23,107,28,Cotrimoxazole Tablet,24,0,13
2023-08-24,5,38,Mefenamic Acid 500mg,22,0,18
2023-10-17,107,31,Ascorbic Acid Vitamin C Tablet,24,0,17
2023-05-16,15,52,Polio,2,0,13
2023-06-26,20,52,Polio,1,0,12
2023-09-08,88,45,Ethyl Alcohol 70%,14,0,21
2023-12-09,1,42,Betadine,4,1,14
2023-11-22,105,30,Paracetamol Drop,4,1,18
2024-01-15,1,45,Ethyl Alcohol 70%,8,0,20
2024-03-07,105,51,Measles,3,1,14
2024-06-25,107,33,Vitamins B Complex,23,0,17
2024-05-07,5,53,Flu,2,0,21
2024-02-29,106,45,Ethyl Alcohol 70%,5,0,19
2024-05-02,1,31,Ascorbic Acid Vitamin C Tablet,13,0,17
2023-05-25,15,51,Measles,3,0,17
2023-06-02,105,10,Vitamin A,12,0,19
2023-09-22,5,35,Paracetamol 500mg,11,0,19
2023-12-08,107,31,Ascorbic Acid Vitamin C Tablet,5,0,14
2024-01-31,106,53,Flu,2,0,11
2023-06-29,15,34,Ferrous Sulfate(Iron Supplement),28,0,13
2023-06-16,20,33,Vitamins B Complex,25,0,11
2023-12-21,88,34,Ferrous Sulfate(Iron Supplement),15,0,12
2023-07-27,88,11,Povidone-Iodine,1,0,21
2024-03-20,20,46,BCG,3,0,12
2024-01-13,1,28,Cotrimoxazole Tablet,11,0,16
2024-06-19,88,32,Ascorbic Acid Vitamin C Drop,4,0,18
2024-01-28,5,10,Vitamin A,10,0,10
2023-12-12,107,29,Ciprofloxacin,17,0,13
2024-06-16,1,34,Ferrous Sulfate(Iron Supplement),18,1,10
2024-01-29,106,39,ORS (Oral Rehydration Salts),6,0,25
2023-05-13,106,51,Measles,1,0,18
2023-12-13,15,32,Ascorbic Acid Vitamin C Drop,11,1,21
2023-06-18,15,38,Mefenamic Acid 500mg,24,0,20
2023-12-07,10,46,BCG,1,0,19
2024-06-21,106,35,Paracetamol 500mg,17,1,22
2023-10-07,107,27,Amoxicillin Syrup,11,0,17
2023-09-29,106,45,Ethyl Alcohol 70%,11,0,18
2024-03-10,5,41,Salbutamol Syrup,4,0,17
2024-05-10,10,31,Ascorbic Acid Vitamin C Tablet,17,0,22
2023-10-09,1,12,Pentavalent Vaccine,2,0,17
2023-07-07,107,28,Cotrimoxazole Tablet,8,0,13
2023-06-10,20,10,Vitamin A,7,0,17
2024-03-08,20,11,Povidone-Iodine,9,0,12
2023-07-15,5,27,Amoxicillin Syrup,3,0,24
2024-05-09,106,32,Ascorbic Acid Vitamin C Drop,2,0,16
2023-10-31,88,28,Cotrimoxazole Tablet,5,0,17
2023-07-20,10,39,ORS (Oral Rehydration Salts),12,0,18
2023-10-16,88,33,Vitamins B Complex,15,0,10
2023-05-12,20,41,Salbutamol Syrup,2,1,16
2023-07-23,1,11,Povidone-Iodine,8,0,12
2024-04-21,105,38,Mefenamic Acid 500mg,28,0,15
2023-12-07,20,30,Paracetamol Drop,5,0,15
2024-03-14,1,30,Paracetamol Drop,5,0,25
2024-01-31,20,42,Betadine,1,1,25
2023-06-23,105,52,Polio,1,1,19
2023-09-06,20,29,Ciprofloxacin,24,0,25
2024-02-01,1,10,Vitamin A,19,1,25
2023-08-03,10,31,Ascorbic Acid Vitamin C Tablet,23,0,10
2024-05-11,105,39,ORS (Oral Rehydration Salts),11,0,24
2023-07-18,20,30,Paracetamol Drop,3,0,22
2023-06-11,105,33,Vitamins B Complex,30,0,19
2023-06-14,107,52,Polio,3,0,14
2024-03-24,106,52,Polio,3,0,22
2023-09-23,5,12,Pentavalent Vaccine,3,0,22
2023-11-05,107,27,Amoxicillin Syrup,12,0,19
2023-09-30,10,42,Betadine,1,0,11
2024-04-04,88,30,Paracetamol Drop,7,0,24
2024-04-15,10,45,Ethyl Alcohol 70%,14,0,10
2023-05-31,105,27,Amoxicillin Syrup,9,0,15
2024-05-09,1,32,Ascorbic Acid Vitamin C Drop,2,1,14
2023-12-19,10,45,Ethyl Alcohol 70%,2,0,25
2024-02-16,15,29,Ciprofloxacin,29,0,15
2023-10-30,88,32,Ascorbic Acid Vitamin C Drop,1,0,23
2023-07-06,1,53,Flu,1,0,19
2023-12-22,105,51,Measles,3,0,22
2023-11-16,105,32,Ascorbic Acid Vitamin C Drop,1,0,10
2023-08-28,1,51,Measles,2,0,23
2024-03-13,106,12,Pentavalent Vaccine,2,0,15
2023-05-23,107,12,Pentavalent Vaccine,1,0,12
2023-06-15,5,29,Ciprofloxacin,25,0,14
2022-08-28,20,30,Paracetamol Drop,2,0,24
2022-04-02,20,38,Mefenamic Acid 500mg,6,0,17
2022-10-12,5,29,Ciprofloxacin,12,0,23
2022-04-18,30,30,Paracetamol Drop,1,0,16
2023-01-06,25,39,ORS (Oral Rehydration Salts),2,0,13
2022-12-01,20,39,ORS (Oral Rehydration Salts),2,1,21
2022-06-13,8,34,Ferrous Sulfate(Iron Supplement),14,0,22
2022-06-03,2,42,Betadine,10,1,20
2022-03-07,25,30,Paracetamol Drop,10,0,19
2022-04-22,20,41,Salbutamol Syrup,11,0,22
2022-03-21,25,38,Mefenamic Acid 500mg,6,0,14
2023-04-06,15,11,Povidone-Iodine,15,0,14
2022-05-28,2,41,Salbutamol Syrup,5,0,15
2022-04-23,5,51,Measles,3,0,13
2022-06-13,2,32,Ascorbic Acid Vitamin C Drop,4,0,24
2022-02-07,8,26,Amoxicillin Capsule,8,0,12
2022-01-12,2,33,Vitamins B Complex,7,0,13
2023-03-06,5,35,Paracetamol 500mg,18,0,21
2022-02-02,1,53,Flu,3,0,24
2022-04-14,20,10,Vitamin A,28,0,22
2022-07-16,1,31,Ascorbic Acid Vitamin C Tablet,8,0,18
2022-01-11,5,11,Povidone-Iodine,7,1,12
2023-04-23,1,28,Cotrimoxazole Tablet,9,1,14
2022-10-15,2,41,Salbutamol Syrup,14,0,18
2023-03-12,20,11,Povidone-Iodine,13,0,14
2022-12-21,8,31,Ascorbic Acid Vitamin C Tablet,11,0,20
2023-03-15,12,45,Ethyl Alcohol 70%,4,0,17
2023-04-10,1,27,Amoxicillin Syrup,3,0,14
2023-02-17,5,53,Flu,3,1,12
2022-08-14,2,10,Vitamin A,25,0,21
2022-08-16,15,11,Povidone-Iodine,15,0,10
2022-02-06,5,34,Ferrous Sulfate(Iron Supplement),9,1,12
2022-10-08,12,42,Betadine,11,0,12
2022-06-26,5,29,Ciprofloxacin,10,0,17
2023-01-16,20,31,Ascorbic Acid Vitamin C Tablet,23,0,12
2022-07-16,20,11,Povidone-Iodine,4,0,25
2022-01-30,1,46,BCG,2,0,17
2023-04-22,20,33,Vitamins B Complex,30,0,16
2022-02-09,8,35,Paracetamol 500mg,23,0,16
2022-01-05,30,31,Ascorbic Acid Vitamin C Tablet,27,0,14
2022-11-10,30,28,Cotrimoxazole Tablet,7,1,21
2023-01-18,1,28,Cotrimoxazole Tablet,11,1,13
2023-04-15,2,53,Flu,2,0,10
2022-06-16,30,31,Ascorbic Acid Vitamin C Tablet,12,0,12
2022-11-24,1,26,Amoxicillin Capsule,22,0,10
2023-04-15,1,33,Vitamins B Complex,24,1,14
2023-04-19,8,46,BCG,2,0,19
2023-01-11,1,39,ORS (Oral Rehydration Salts),13,1,24
2023-04-28,20,35,Paracetamol 500mg,8,1,10
2023-03-03,20,33,Vitamins B Complex,23,0,18
2022-12-20,20,27,Amoxicillin Syrup,13,0,16
2022-07-16,30,33,Vitamins B Complex,27,0,15
2022-01-26,1,51,Measles,1,0,14
2022-05-06,5,53,Flu,3,0,18
2022-01-31,2,28,Cotrimoxazole Tablet,25,0,22
2022-08-26,15,33,Vitamins B Complex,16,1,11
2022-05-10,15,34,Ferrous Sulfate(Iron Supplement),25,0,18
2022-03-03,2,52,Polio,2,0,18
2022-12-12,8,28,Cotrimoxazole Tablet,27,0,10
2022-11-08,25,10,Vitamin A,8,0,19
2023-02-17,8,41,Salbutamol Syrup,2,1,11
2022-02-28,1,39,ORS (Oral Rehydration Salts),1,0,16
2022-04-25,30,35,Paracetamol 500mg,23,0,18
2023-03-02,25,27,Amoxicillin Syrup,7,0,20
2023-04-24,30,29,Ciprofloxacin,7,0,22
2022-09-13,5,33,Vitamins B Complex,6,0,13
2022-11-06,12,52,Polio,3,0,24
2022-04-03,25,52,Polio,3,0,25
2022-01-24,20,29,Ciprofloxacin,8,0,21
2022-01-03,8,39,ORS (Oral Rehydration Salts),6,0,18
2022-12-22,2,31,Ascorbic Acid Vitamin C Tablet,5,1,10
2023-02-07,20,27,Amoxicillin Syrup,14,0,12
2022-03-18,12,10,Vitamin A,10,0,22
2022-10-20,12,10,Vitamin A,17,0,13
2023-04-15,8,27,Amoxicillin Syrup,8,0,12
2022-09-19,20,26,Amoxicillin Capsule,7,0,12
2022-10-02,5,26,Amoxicillin Capsule,25,1,20
2022-08-22,15,10,Vitamin A,21,0,12
2022-09-16,1,31,Ascorbic Acid Vitamin C Tablet,20,0,21
2022-03-26,2,52,Polio,1,0,19
2022-04-06,1,26,Amoxicillin Capsule,22,0,21
2022-01-31,25,38,Mefenamic Acid 500mg,17,0,15
2022-07-17,30,35,Paracetamol 500mg,6,0,20
2022-01-12,5,29,Ciprofloxacin,12,0,23
2022-08-10,30,28,Cotrimoxazole Tablet,15,1,11
2022-08-30,8,35,Paracetamol 500mg,6,0,14
2022-08-30,12,26,Amoxicillin Capsule,29,0,20
2022-10-11,8,38,Mefenamic Acid 500mg,9,1,16
2022-07-27,20,26,Amoxicillin Capsule,14,0,20
2022-09-06,15,35,Paracetamol 500mg,26,0,20
2022-08-29,30,31,Ascorbic Acid Vitamin C Tablet,6,1,15
2022-01-20,5,32,Ascorbic Acid Vitamin C Drop,7,1,10
2022-06-09,1,45,Ethyl Alcohol 70%,6,0,24
2022-05-08,1,51,Measles,2,1,15
2022-05-25,15,32,Ascorbic Acid Vitamin C Drop,8,0,18
2022-04-05,30,35,Paracetamol 500mg,29,0,13
2022-11-16,12,41,Salbutamol Syrup,12,0,21
2022-12-08,15,28,Cotrimoxazole Tablet,21,0,20
2022-04-18,1,27,Amoxicillin Syrup,13,1,17
2023-04-02,12,38,Mefenamic Acid 500mg,20,0,17
(29, 36, 42, 11, '2022-09-02 16:00:00', 'Midwife Carla'),
(30, 48, 41, 10, '2023-01-20 16:00:00', 'Dr. Reyes'),
(31, 38, 38, 14, '2022-09-17 16:00:00', 'Dr. Reyes'),
(32, 21, 38, 20, '2023-02-14 16:00:00', 'Dr. Reyes'),
(33, 40, 42, 1, '2022-10-18 16:00:00', 'Midwife Carla'),
(28, 48, 52, 3, '2022-06-16 16:00:00', 'Dr. Reyes'),
(29, 39, 32, 1, '2023-05-19 16:00:00', 'Nurse Liza'),
(30, 49, 39, 13, '2022-08-04 16:00:00', 'Dr. Reyes'),
(31, 44, 39, 8, '2022-06-03 16:00:00', 'Dr. Reyes'),
(29, 50, 42, 15, '2022-12-19 16:00:00', 'Midwife Carla'),
(30, 52, 30, 10, '2023-03-27 16:00:00', 'Dr. Reyes'),
(31, 41, 34, 18, '2022-09-02 16:00:00', 'Midwife Carla'),
(32, 45, 11, 10, '2023-04-20 16:00:00', 'Nurse Liza'),
(33, 31, 46, 1, '2023-04-11 16:00:00', 'Dr. Reyes'),
(28, 47, 33, 29, '2022-10-22 16:00:00', 'Nurse Liza'),
(29, 39, 51, 1, '2022-07-28 16:00:00', 'Dr. Reyes'),
(30, 41, 35, 17, '2023-02-23 16:00:00', 'Nurse Liza'),
(31, 52, 41, 7, '2022-09-15 16:00:00', 'Midwife Carla'),
(32, 54, 53, 2, '2023-02-22 16:00:00', 'Nurse Liza'),
(33, 49, 45, 12, '2022-08-25 16:00:00', 'Nurse Liza'),
(28, 30, 31, 23, '2023-06-25 16:00:00', 'Midwife Carla'),
(29, 40, 12, 1, '2022-12-23 16:00:00', 'Dr. Reyes'),
(29, 36, 46, 2, '2022-12-25 16:00:00', 'Nurse Liza'),
(30, 48, 51, 2, '2022-08-07 16:00:00', 'Nurse Liza'),
(31, 38, 30, 7, '2022-07-06 16:00:00', 'Dr. Reyes'),
(32, 21, 32, 12, '2023-01-24 16:00:00', 'Dr. Reyes'),
(33, 40, 39, 14, '2022-08-01 16:00:00', 'Nurse Liza'),
(28, 48, 29, 21, '2022-06-03 16:00:00', 'Dr. Reyes'),
(29, 39, 38, 14, '2023-01-16 16:00:00', 'Nurse Liza'),
(30, 49, 38, 26, '2022-11-20 16:00:00', 'Midwife Carla'),
(31, 44, 46, 1, '2023-03-24 16:00:00', 'Dr. Reyes'),
(32, 50, 26, 17, '2022-06-03 16:00:00', 'Nurse Liza'),
(33, 52, 33, 28, '2022-10-18 16:00:00', 'Dr. Reyes'),
(28, 49, 10, 19, '2023-01-07 16:00:00', 'Midwife Carla'),
(29, 40, 27, 8, '2022-07-07 16:00:00', 'Nurse Liza'),
(30, 48, 31, 27, '2023-05-18 16:00:00', 'Dr. Reyes'),
(31, 38, 45, 1, '2022-11-13 16:00:00', 'Nurse Liza'),
(32, 21, 26, 12, '2023-05-06 16:00:00', 'Midwife Carla'),
(33, 40, 42, 14, '2023-01-14 16:00:00', 'Dr. Reyes'),
(28, 48, 39, 15, '2022-06-09 16:00:00', 'Nurse Liza'),
(29, 39, 53, 3, '2023-04-14 16:00:00', 'Midwife Carla'),
(30, 49, 34, 11, '2022-08-27 16:00:00', 'Dr. Reyes'),
(31, 44, 38, 10, '2023-05-20 16:00:00', 'Nurse Liza'),
(32, 50, 35, 23, '2022-12-08 16:00:00', 'Midwife Carla'),
(33, 52, 10, 13, '2023-03-12 16:00:00', 'Dr. Reyes'),
(28, 49, 28, 20, '2022-06-18 16:00:00', 'Nurse Liza'),
(29, 40, 33, 10, '2022-09-09 16:00:00', 'Midwife Carla')